EmployeeID,FirstName,LastName,DepartmentID
1,Richard,Miller,2
2,Michael,Taylor,3
3,Susan,Johnson,4
4,Mary,Smith,1
5,Karen,Gonzalez,2
6,Charles,Brown,3
7,John,Martinez,4
8,Jennifer,Miller,1
9,Elizabeth,Jackson,2
10,David,Martinez,3
11,Mary,Rodriguez,4
12,Joseph,Miller,1
13,David,Moore,2
14,Barbara,Jackson,3
15,Michael,Brown,4
16,Elizabeth,Gonzalez,9
17,Robert,Miller,2
18,James,Smith,3
19,Patricia,Hernandez,4
20,Richard,Hernandez,1
21,William,Moore,2
22,Thomas,Taylor,3
23,David,Gonzalez,4
24,Jennifer,Smith,1
25,Patricia,Gonzalez,2
26,Jennifer,Smith,3
27,Patricia,Garcia,4
28,Jessica,Brown,1
29,Elizabeth,Martin,2
30,Linda,Johnson,3
31,Linda,Williams,4
32,Mary,Martinez,1
33,Richard,Moore,2
34,Michael,Thomas,8
35,David,Miller,4
36,Jennifer,Thomas,1
37,Elizabeth,Hernandez,2
38,Susan,Martin,3
39,Mary,Miller,4
40,Charles,Williams,1
41,Mary,Wilson,2
42,Richard,Wilson,3
43,John,Jackson,4
44,Susan,Miller,1
45,Susan,Davis,2
46,David,Taylor,3
47,Richard,Davis,4
48,Barbara,Wilson,1
49,Patricia,Wilson,2
50,Michael,Smith,3
51,Thomas,Anderson,4
52,Michael,Smith,1
53,Jessica,Martinez,2
54,Thomas,Jones,3
55,Patricia,Taylor,4
56,Thomas,Jackson,1
57,Thomas,Williams,7
58,Linda,Martinez,3
59,Mary,Lopez,4
60,Richard,Anderson,1
61,Susan,Jones,2
62,Linda,Williams,3
63,Joseph,Hernandez,4
64,Thomas,Gonzalez,1
65,Sarah,Anderson,2
66,Jennifer,Martinez,3
67,Jessica,Jackson,4
68,Robert,Thomas,1
69,Barbara,Moore,2
70,Robert,Johnson,3
71,Richard,Johnson,4
72,Michael,Martinez,1
73,William,Smith,2
74,Jennifer,Moore,3
75,Patricia,Martinez,4
76,William,Martin,1
77,Karen,Moore,2
78,Elizabeth,Hernandez,3
79,Jessica,Taylor,6
80,James,Thomas,1
81,William,Brown,2
82,Susan,Hernandez,3
83,Jennifer,Johnson,4
84,William,Rodriguez,1
85,David,Martinez,2
86,Thomas,Martinez,3
87,Charles,Anderson,4
88,Barbara,Hernandez,1
89,Karen,Thomas,2
90,David,Moore,3
91,Jennifer,Lopez,5
92,Sarah,Hernandez,1
93,Jennifer,Lopez,2
94,Linda,Martinez,3
95,Mary,Hernandez,4
96,John,Garcia,1
97,William,Martinez,2
98,Susan,Anderson,3
99,Charles,Gonzalez,4
100,Jessica,Miller,1
